city,number,street,postcode
Saint Andrews,65,Express,32352
Quemú Quemú,0167,Harbort,49268
La Concepcion,44762,Trailsway,28040
Memphis,33537,Lien,68992
Rejoagung,69752,Hudson,63921
Baisha,45095,Vahlen,60157
Cabiguan,96320,Pennsylvania,28719
Tarnawatka,762,Mariners Cove,74676
Phak Hai,109,Rigney,83265
Ljungsbro,95,Myrtle,40413
Dongpu,8506,Hintze,25322
Fangbu,6,Londonderry,65452
Michurinskoye,477,Michigan,97694
Monastir,4931,Anzinger,93299
Buffalo,02,Fair Oaks,50908
Babakan Baru,12192,Lillian,14919
Ulbroka,917,Annamark,39743
Murganhal,7278,International,83326
El Asintal,51860,Vernon,75175
Pag,9,Kings,84067
Oranmore,317,Gina,42777
Carbonear,07,6th,80267
Johnson City,9931,Meadow Ridge,77206
Sim,09,Hayes,22636
Vodyane,8010,Carberry,41209
Al Nashmah,75,Chinook,05894
Jablonné nad Orlicí,94224,Elgar,38334
Chinju,9,Sage,11157
Hugang,119,Ohio,93568
Saryshaghan,39,Hansons,28354
Évreux,26,Bashford,97219
Pīrgaaj,4,David,64793
Shilipu,734,Sauthoff,67936
Miān Channūn,0944,Service,88161
Baitang,2940,Caliangt,36882
Tumxuk,8,Dapin,22282
Mimbaan Timur,02,Rigney,61718
Gulbene,8587,Kenwood,87896
Lingmen,75,Harbort,07475
城郊,894,Holy Cross,73627
Béré,6,Myrtle,99136
Kotabumi,712,Hollow Ridge,36455
Quţūr,63,Ryan,91815
Pakis,91774,Spaight,64728
Puńsk,71991,Golden Leaf,14694
Lusambo,089,Beilfuss,15550
Tarxien,68,Jenna,05812
Aral,8,Hintze,11621
Meixi,61,Derek,00766
Udënisht,6,Dennis,73747
Salam,4,Manufacturers,28601
Novokayakent,0138,Lighthouse Bay,70261
Deskáti,011,Thackeray,84452
Levallois-Perret,6,Melrose,89325
Perehonivka,304,Daystar,31153
Bumbuna,00580,Leroy,21296
Karanganyar,21309,Thackeray,95950
La Paz Centro,8,Canary,56432
Yousheng,917,Tennessee,75828
Armamar,700,Brickson Park,44453
Lalagsan,3126,Hayes,00916
Khotiv,093,Pawling,84662
Rudy,144,Chinook,10446
Žleby,78,Darwin,78101
Pangpang,90148,Everett,42709
Tidili Mesfioua,1,Caliangt,07567
Mabu,18355,Dovetail,08192
Tolomango,10681,School,23499
Villanueva,5,Tomscot,25437
Tietê,409,Eggendart,16805
Rawa,9097,Arapahoe,86436
Karangsono,55,Grayhawk,82928
Opi,5004,Rowland,50606
Drammen,20450,South,08609
Lyon,83,Myrtle,22455
Bydgoszcz,06673,Farmco,08652
Qindu,06,Southridge,49342
Banqiaodian,6574,Loeprich,03972
Água de Pau,48,Stoughton,82665
Arrah,5098,Dawn,97146
Xigebi,8628,Express,23887
Caparrapí,13,Anthes,14997
Guarda Nova,13,Hayes,81148
Kudinovo,7845,Dovetail,26623
Thị Trấn Nước Hai,86068,Debs,28755
Khueang Nai,97,Surrey,29168
Debe,68,Hollow Ridge,16482
Jitian,495,Gateway,47569
Gostynin,18,Jana,32491
Yanjiang,490,Corscot,52106
Antony,0580,Forest,80959
Barisan,5619,Starling,76016
Krajan,398,Thompson,87825
Sangmu,2,Delaware,85347
Hữu Lũng,5,Lakeland,54379
Burgas,0,Autumn Leaf,78815
Shanxi,879,Delaware,07775
Canutama,3,Dayton,79020
Guaçuí,28342,Coolidge,91171
Sasebo,5,Crescent Oaks,72780
Tulsīpur,0831,South,28808
Uk,484,Namekagon,05221
Zhangwan,0482,Moland,70569
Malinta,83806,Kensington,64249
Austin,7,Moulton,73930
Soledad,2570,Hoard,25420
Munjul,90144,Forster,58195
Tanshi,4,Columbus,71784
Jintan,7,Sunnyside,89798
New York City,3165,Shoshone,71198
Tongjing,5,Talmadge,07745
Gangkou,543,Lake View,79560
Puerto Deseado,7,Hansons,39462
Az̧ Z̧a‘āyin,18,Waxwing,28373
Benito Juarez,3,Elmside,84526
Huallanca,91245,Longview,51118
Beijie,4110,Prentice,56319
Kunri,641,Hauk,78007
Líbeznice,23576,Ruskin,75301
Phrae,8003,Susan,53539
Subotica,5,Sheridan,00596
Katwijk,183,Brickson Park,74526
Lamatuka,1754,Dahle,49800
Ban Talat Nua,254,Jackson,01444
São João de Caparica,9776,Park Meadow,16208
Vindeln,68,Carioca,60703
Babagan,1226,Springs,49000
Zaječar,37,Park Meadow,60076
Zwolle,1007,Maywood,29774
Bangbayang Kaler,06969,Burrows,21159
Benito Juarez,912,Crest Line,39961
Daluo,9406,Anniversary,25432
Maslovka,82,Derek,45129
Brusyliv,74716,Comanche,36833
Karangnongko,2322,Hazelcrest,73243
Bireun,41140,Golf Course,38353
Beigucheng,54578,1st,61415
Lugait,13508,Oak,16876
Maunuri,22548,East,98249
Kolor,400,Moland,13418
Aguilar,466,Algoma,66257
Pingwang,556,Toban,36030
Cabagan,913,Reindahl,24452
Bayuin,50970,Pleasure,61999
Cibodas,39,Mallard,69757
Graz,508,Straubel,94853
Clifden,6130,Hansons,22563
Huashan,7,Karstens,46581
Koszarawa,2764,Prairieview,30341
Riit,34,Washington,02066
Wakduwa’ Barat,40882,Southridge,17595
Gununganyar,8597,Corry,31894
Vesoul,57628,Hagan,61353
Tongtuan,5,Muir,14984
Mufushan,267,Lunder,27465
Sidi Bousber,0478,Lighthouse Bay,99191
Stockholm,27,Briar Crest,75951
Shuangwang,946,Cardinal,35306
Hradec Králové,53,Calypso,01562
Lattes,66253,Truax,06555
Židlochovice,275,Paget,48654
Maikawada,1351,Namekagon,40664
Paris 12,198,Grasskamp,85271
Sidu,43,Forster,33207
Santiago de María,455,Hauk,80878
Nong Bua,77,Village,26905
El Mirador,267,Schmedeman,87565
Dongxi,786,Florence,22645
Tuzha,1668,Bunker Hill,46925
Petaling Jaya,01515,Bashford,18720
Ţammūn,65500,Commercial,78049
Naḩḩālīn,0,Northview,83082
Saint-Égrève,00174,Butterfield,23018
Taza,051,Manufacturers,41129
Songkhla,04258,Bluejay,99505
Boise,62926,New Castle,59267
Shishan,6296,Johnson,57490
Cambarus,5,Ridgeview,18270
Sukaratu,05,Elgar,06114
Wutong,63,Ryan,21509
Jedlová,5,Hauk,41025
Gokwe,64049,Gateway,59898
La Labor,4847,Maywood,06269
Yisuhe,1,Oakridge,02829
Krajan,4156,Jackson,25931
Noebana,338,Manufacturers,78438
Mnogoudobnoye,324,Straubel,83956
Maastricht,6202,Kings,58065
Yalkhoy-Mokhk,8750,Old Gate,65238
Guintubhan,2,Warner,16162
Maanĭt,6758,Northridge,38445
Węgorzyno,3181,Heffernan,25269
Shuhe,38877,Melby,03783
Hodošan,729,Warner,42850
Shuangtian,4,Hanover,42381
Bugembe,54013,Muir,00638
Leuwibuleud,5,Summer Ridge,12225
Nueva Vida Sur,310,Waubesa,02654
Novyye Kuz’minki,83409,Anhalt,73200
Lagoa Santa,4435,Toban,22628
Aix-les-Bains,60,Maryland,29312
Chicago,03087,Delaware,60890
Portela,33,Express,63690
Postřekov,6101,Luster,35496
Arneiro,4,Jackson,76187
Nagiba,5435,Pawling,93441
Quisqueya,81949,International,29164
Pul-e Khumrī,411,Havey,73071
Néa Vrasná,23,Karstens,90113
Xizhong,87770,Pankratz,77013
Rokytnice nad Jizerou,2596,Trailsway,98929
Seshcha,53,Moulton,76591
Huarancante,711,Menomonie,50210
Svetlyy Yar,6492,Burrows,89886
Chengzhong,732,Dennis,24584
Ganjiang,830,Beilfuss,30627
Labao,0784,Main,06746
Battle Creek,48210,Hagan,36611
Chóra,3004,Raven,77562
Cujillo,3,Cardinal,50545
Ifanes,53645,8th,94988
Isaka,6021,Browning,61756
Bagamoyo,9308,Golden Leaf,96300
Tojeira,6,Dahle,40653
Zwolle,49,Bultman,56262
Malamig,153,Fairfield,43774
Las Tablas,23,Southridge,16768
Xaçmaz,281,Ridge Oak,92358
Río Campo,23580,Sullivan,85470
Binjiang,55847,Carioca,42103
Néa Mákri,40097,Harper,89691
Oymak,515,Florence,12258
Araruama,23721,Riverside,68315
Manchester,968,Commercial,74656
Murça,4104,Lawn,99712
Tinambac,75162,Colorado,61948
Ayrihuanca,8072,Harbort,13224
Sri Jayewardenepura Kotte,20432,Tomscot,70150
Xinxing,70,2nd,06612
Dongkeng,75173,Bluestem,62268
Ḩarīb,66995,Prentice,12703
Siikajoki,30346,Kedzie,18324
Thành Phố Phủ Lý,17775,Golf,26368
Tarłów,02492,Fairview,04515
Arauca,68427,Warbler,16728
Carrascal,167,Arapahoe,06708
Linoan,0427,Cherokee,64507
Iparia,2198,Harper,47841
Masākin,4,Oak,01046
Vadstena,9809,Sommers,55777
Haapsalu,11,Mifflin,79867
Vladimirskaya,315,Lyons,36808
Gualmatán,2199,Mockingbird,94729
Szemud,2951,Sauthoff,06900
Loakulu,9,Debra,17979
Malati,9,Cottonwood,40481
Heishan,98975,Ramsey,24124
Santo Antônio de Jesus,1881,Nova,48060
Pio Duran,0,Butterfield,94228
Baolong,7,Dwight,03768
Mons,3461,Red Cloud,76624
Värnamo,5,Morningstar,32714
Puntaru,57202,Mayer,22471
Angkup,633,Moulton,82029
Palestina,64360,Village,23162
Ussuriysk,02260,Pepper Wood,38727
Hato Mayor del Rey,82,Mccormick,98925
Remedios,69755,Lillian,39576
Zhongfang,6311,Algoma,15600
Bilshivtsi,42204,Stuart,24334
Houston,735,Birchwood,27383
Užice,99064,Eastwood,77255
Budapest,7,1st,34596
Yangxiang,26190,Iowa,53760
Javarthushuu,72656,Killdeer,05923
Largo,25,Colorado,83736
Suhopolje,415,Chinook,98220
Karak City,9779,Scott,31998
Xidianzi,312,Oakridge,80124
Carson City,98587,American Ash,74859
Belogorsk,6,Claremont,88589
Akarakar,807,Di Loreto,47500
Buenavista,388,Porter,37326
Milwaukee,1430,Farragut,86718
Nukuoro,8,Dexter,55372
Nebug,4,Laurel,04912
San Vicente,158,Westridge,44620
Santo Antônio de Pádua,550,Scoville,62772
Changmao,177,Independence,53059
Santiago de María,9006,Eastwood,51773
Moss,75,Hoepker,32810
San Javier,2902,Morningstar,97289
Tha Maka,650,Springs,48665
Bauchi,8,Artisan,54814
Yandian,9,Roth,48318
Castellon De La Plana/Castello De La Pla,64,John Wall,73901
Ailuk,14388,Melby,27028
Deder,2769,Eastlawn,76534
Tuqiao,8,Jana,34153
Almaguer North,72,Commercial,89702
Týrnavos,46449,Barby,16391
Mayqayyng,06,Comanche,04851
Salt Lake City,4719,Lawn,48251
Perelyub,6,Rigney,61682
Sihai,29004,Myrtle,94006
Néa Manolás,7,Fisk,39993
Shijiao,82,Schurz,38170
Kolbano,060,Tennessee,27586
Juan Santiago,7149,Amoth,66073
Kobuleti,00899,Melody,45041
Polen,12952,Pawling,85121
Tempuran,8436,Welch,50062
Talisay,9,Fairview,42368
Novopodrezkovo,516,Brentwood,00520
Hoogeveen,2928,Prentice,80606
Jianyangping,58909,Steensland,18346
Francisco Villa,67,Sunnyside,34925
Ágios Spyrídon,7299,Hazelcrest,52364
Cliza,5,Bluejay,57415
Crespo,4968,Pine View,50089
Gävle,3,John Wall,83733
Santa Inês,99,1st,03240
Natitingou,1127,Sutherland,94162
La Serena,86101,Lindbergh,21423
Aparecida de Goiânia,400,Holy Cross,02059
Owen Sound,08618,Crest Line,45220
Luowan,5992,Corscot,63089
Bočar,415,Transport,69546
Linëvo,0034,Laurel,74440
Pangkungparuk,580,Farwell,14813
Tabonoc,0167,Utah,76742
Nanxi,599,Cottonwood,06129
Orsha,62966,Susan,23969
Amadora,51207,High Crossing,76994
Gujiang,5915,Carioca,05421
Ariana,6,Menomonie,56650
Xinyi,1011,Dryden,95496
Seto,7,Northport,50618
Yixingfu,886,Gale,80456
Newport News,0,Pleasure,24117
Jiaocun,3,Pepper Wood,27573
Maricá,09657,Dovetail,98191
Jihui,3,Acker,03041
Madang,5,Westridge,68789
Le Havre,640,Fallview,72098
Marādah,084,Butternut,97684
Bedayutalang,2245,Bartelt,62782
Ciemas,80,Pleasure,75099
Qinhong,872,Mosinee,86627
Mets Parni,943,Nelson,00162
Lomma,040,Morningstar,86367
Garden Grove,95,Pennsylvania,99132
Créteil,2,Oxford,51674
Xiji,08769,Lukken,74923
Virolahti,56,Ramsey,64826
Yongfa,0,Lotheville,53658
Maseru,6660,Independence,55327
Pointe-à-Pitre,04,Packers,51335
Mazatenango,80,Quincy,09005
Perosinho,564,Melody,33368
Qingchuan,36118,Swallow,17383
El Gouna,846,Almo,73818
Panggunguni,81,Red Cloud,45162
Saint Paul,58,Swallow,01534
Belogorsk,138,Lakewood,43348
Shahrud,295,Fisk,38755
"Hospitalet De Llobregat, L'",486,Sheridan,60109
Casal de São João,24357,Algoma,68683
Zhangjiawo,26,Coleman,72392
Whittier,159,Melrose,36075
Synya,8,Cordelia,98684
Parrsboro,3,Corscot,43927
Cerenti,3562,Becker,42206
Kalyny,6565,Debra,51128
Kėdainiai,4,Everett,28562
Siao,8600,Cascade,38653
Daliuhang,092,Ridgeway,09833
Cela,5212,Barnett,03449
Masiga,0153,Hintze,74719
Kamenskiy,9,Corry,62322
Kokemäki,113,Coolidge,82294
Cavinti,65,Dorton,85376
Araguari,3129,Elka,14820
Tarbes,820,Hauk,69080
Banatsko Veliko Selo,804,Northport,56795
Zhengwan,48,Hollow Ridge,40694
Milton,05,Hallows,73836
Fukou,0,Lakewood,02088
Dori,56138,Pine View,26716
Bangeran,22,Kipling,36421
Ngulahan,7730,Banding,62905
Lyubokhna,20087,Thompson,42761
Novovarshavka,720,Macpherson,16036
Petaluma,1,Sycamore,60142
Ramadi,784,Fallview,93297
Vranisht,23,Dixon,11927
Mulatupo,1220,Surrey,85512
Parigi,80322,Fairview,93630
La Maná,598,Straubel,53704
Kamalasai,96966,Heffernan,73858
Guoduwan,5135,Swallow,64344
Xarardheere,37,Briar Crest,39486
Rantepang,1269,Mesta,47402
Pakham,2,Barnett,32127
Itaguaí,9,Valley Edge,19552
Mobile,19735,Pankratz,88915
Tulungagung,28,Bobwhite,86561
Tahara,8907,Grayhawk,44154
Abū Sunbul,2,Nobel,48064
Utrecht (stad),32738,Donald,65148
Daliciasao,63,Northfield,69900
Sukamahi Satu,42,Gina,44347
Erandique,00,Lawn,94221
Yinjiang,5,Paget,87297
Jinshanzui,27552,Moose,87712
Sima,00,Fulton,86409
Shimen,9317,Fuller,42903
Baiguo,61685,2nd,01752
Komyshany,66,Kedzie,44055
Yangyuan,12,Gulseth,67982
Muesanaik,9,Marquette,96002
Lichinga,46,Caliangt,92804
Kisasa,2,Birchwood,30405
Dinskaya,25,Darwin,41390
Grugul,11,Golf View,32416
Shcherbinka,858,Sunbrook,74679
Beiping,35,Helena,11262
Digby,2042,Morrow,83903
Mayskiy,7,Arizona,14747
Kępie Żaleszańskie,9030,Dwight,23722
Topeka,7,Blackbird,97744
Zheng’an,90,Ridgeway,92084
Lubasz,90,Stoughton,75845
Klatovy,7116,Dottie,82780
Erdaojiang,69144,Nobel,86113
Ridder,6,Hermina,98196
Yantan,7365,Hauk,64097
Birqīn,788,Village Green,82005
Huddinge,791,Bartelt,29333
Menanga,0,Lake View,63036
Piskavica,9,Bowman,06422
Seongnam-si,912,Mesta,04567
Erenhot,287,Mosinee,76501
Bagusan,871,Banding,52702
Oesao,7,Harper,56094
Golmud,6831,Warrior,65092
Baharly,1985,School,76882
Warburton,229,Jackson,00028
Cisownica,0870,Reinke,25018
As Sulayyil,6914,Sutteridge,98025
Zhen’an,19739,Kinsman,20093
Guiset East,150,Myrtle,35842
Muzhijie,659,Maywood,64021
Paris La Défense,8747,Green Ridge,06777
Lamak,8073,Chinook,19916
Doropayung,1,Ronald Regan,33475
Ailigandí,414,Kropf,18371
Covão,160,Columbus,27077
Zhili,7908,Claremont,24324
Wilkes Barre,0,Warrior,24595
Daxindian,39931,Ridgeway,39108
Bamusso,11,Arapahoe,75836
San Luis,53546,Weeping Birch,24870
Aizkraukle,379,Di Loreto,18098
Jun’an,48,Prentice,39057
Abastumani,09789,Londonderry,27919
Washington,279,Montana,29290
Robertsport,4002,Jana,04607
Nizhnepavlovka,630,Daystar,35028
Sungaiduri,418,Green Ridge,67626
Yigo Village,7495,Drewry,42433
Zabrat,89167,Main,72377
Masaguisi,067,Valley Edge,74743
Ogawa,1879,Mockingbird,63944
Phra Nakhon Si Ayutthaya,4,Union,70008
Mayahi,28,Lakewood Gardens,44691
Courtaboeuf,148,Anthes,01712
Lyuboml’,94236,Luster,31482
Ccuntuma,4,Sunnyside,13128
Vikhorevka,566,Ryan,88888
Khlong Sam Wa,9089,Fordem,72162
Dzorastan,260,Arrowood,40918
Al Matlīn,76562,Carey,40961
Hengli,08,Shelley,25243
San Diego,669,Merry,44337
Oldřišov,61693,Ohio,76452
Muaratiga,98265,Pond,27760
Binangun,7,Service,00605
San Miguel Ixtahuacán,67830,Gateway,29086
Baiyun,34280,Garrison,21786
Siemiatycze,65601,Warrior,26360
Mandala,18637,Sutherland,04887
Askeaton,944,Fairview,33374
Xiangyangpu,773,Haas,48419
Daishan,4,Helena,55160
Buray,145,Corben,25662
Owo,51159,Sloan,50548
Lazaro Cardenas,11,Spohn,04673
Riangblolong,6158,Dwight,87382
Dobrica,9,West,16730
Vangaži,23093,Straubel,04042
Ihosy,256,Spohn,23623
Huangliu,6023,Tennessee,61621
Islāmkot,55,Scoville,62222
Faisalābād,7075,Washington,56310
Nagarakembang,79,Mayer,33245
Plessisville,63,Welch,60054
Sampaloc,03,Rigney,42238
Constance,09858,Esch,32286
Metchosin,44,Grayhawk,20059
Tuapse,2,Lillian,98482
Póvoa,5126,Gateway,03459
Dzerzhinsk,1964,4th,80518
Ресен,89969,Holy Cross,00384
Ogoja,874,Chive,61459
Itaparica,20442,Crownhardt,77339
Tromsø,36805,Village Green,40107
Soubré,9416,Pankratz,90366
Lyon,89,Paget,70001
Tojal,31,Sauthoff,35449
Wielichowo,1,Kropf,15750
Pangascasan,81,Sherman,26355
Fuxing,0909,Goodland,34372
Champaign,47,Brickson Park,91394
Bajos de Haina,25818,Hallows,20322
Ngurenrejo,49504,Bluejay,73616
Cabo de Vila,3,Johnson,67592
Villa Ojo de Agua,117,Dakota,57247
Candelária,12223,Ramsey,01568
Nikolina Gora,0967,Division,26651
Nanyanchuan,521,Judy,63237
Dartang,7469,Londonderry,58756
Almeria,38,Morrow,02892
Urung,6,2nd,25417
Liuhe,42,Rutledge,50926
Stockholm,01,Katie,53144
Bảo Lộc,0565,Hermina,35947
Meicheng,965,Independence,21484
Gaoqiao,04480,Hazelcrest,88529
Kadubadak,446,Bonner,77777
Shulan,8436,Sommers,21881
Yläne,569,Shelley,73506
Praga Północ,85,Little Fleur,81245
Vila Nova de Santo André,57024,Northland,10406
San José,5,Grover,27136
Dubá,8554,Claremont,56869
Bayangol,58,Mandrake,36770
Želetava,89,Reindahl,61528
Bayt ‘Awwā,98419,Manitowish,48781
Artémida,2,Karstens,53400
Dongqiao,5,7th,11158
Daji,47,Division,52021
Menanga,5,Caliangt,25028
Lagny-sur-Marne,80,Petterle,42326
Mikulovice,471,Fulton,26552
Baojia,10027,Straubel,34183
Nkongsamba,26407,Rutledge,91600
Créteil,095,Hagan,74844
Bagong Sikat,0,Meadow Vale,32137
Kaura Namoda,31,Bunker Hill,52957
Walahir,7,Cambridge,39376
Markowa,8832,Twin Pines,75569
Sumberjeruk,20415,Oxford,11757
Armenia,73215,Bartillon,96028
Tapan,50,Fairview,08291
Sikeshu,04681,Cody,53035
Sarykemer,0,Buell,47523
Puan,32,Huxley,88734
Bandaragung,8885,Leroy,76910
El Paso,049,Sachtjen,38182
Yanping,942,Texas,61788
Крушопек,0,Dunning,92524
Vladislav,98384,Dryden,66564
Kallar Kahār,1,Goodland,37471
Cinyumput,7,Veith,17919
Comodoro Rivadavia,33799,Coleman,72291
San Nicolas,575,Dapin,92623
Kakegawa,10,East,85687
Yazman,34219,Red Cloud,71252
Ejido,24,Forest Run,09542
Heemskerk,87,Vidon,96131
La Condamine,654,Nobel,67825
Paris 07,95783,West,04886
Nanling,383,Arizona,54874
Kassel,07,Holmberg,25203
Gainesville,35867,Kenwood,87629
Karangnongko,111,Anderson,14192
Chimbas,344,West,02889
Magok,5529,Eagan,93034
Zhuangtou,516,Glendale,13500
Semënovskoye,66634,Johnson,99585
Richmond,22,Luster,50019
Netanya,627,Maple Wood,80479
Nāḩiyat Baḩār,74,Graedel,52870
Otse,0842,Coleman,87409
Zargarān,36,David,84121
Talondang,902,Esch,43032
Mayfa‘ah,180,Anderson,51420
Paninggaran,040,Mitchell,10291
Město,4763,Sheridan,95443
Kawangu Satu,62456,Merchant,22383
Az Zuwaytīnah,3146,Washington,98421
Llalli,75,Holmberg,74700
Koundara,599,Twin Pines,10809
New Glasgow,160,Butterfield,78365
Kangar,273,Park Meadow,79002
Bedalewun,7231,Forster,39606
El Paraíso,45,Portage,42858
Dadu,6186,3rd,83366
Beizheng,69005,Riverside,90067
Piracanjuba,589,Southridge,42864
Gokwe,3,Westend,35323
Niandui,7,Ludington,44893
Pasarbaru,965,Lillian,62389
Belica,829,Mallory,31042
Xiangxiang,27417,Park Meadow,75449
Ganzhou,493,Dayton,53775
Marne-la-Vallée,85935,Knutson,64304
Kupavna,17746,Bultman,19355
West End,73285,Alpine,24792
Duba-Yurt,54,Warner,23466
Wuxiang,0,Eliot,85404
Rozhdestveno,11,Talmadge,21742
Motegi,00,Spaight,15884
Alor Star,6886,Pawling,15822
Garagoa,4,Clyde Gallagher,63433
Shapa,585,Elka,50692
Conner,344,Calypso,11562
Raffingora,48756,Summer Ridge,25694
Fuzhai,47498,Dayton,86369
Trang,948,Mayer,46783
Qaryūt,7,Northport,24658
São Joaquim,367,Columbus,19119
Sigetec,78203,Fairfield,87895
Chengdong,24650,Sage,31310
Parobé,7,Porter,08998
Padangbatung,87,Reinke,08833
Leijiadian,6,Dwight,04779
Marićka,38126,Raven,01638
Aomori Shi,72906,Pennsylvania,14581
Oskarshamn,9,Welch,86406
Nayoro,0306,Sugar,20122
Neuilly-sur-Marne,16695,Buhler,94936
Nyamanari,6,Carioca,97028
Longbo,702,Melody,33293
Enjiang,47,South,70860
Corzuela,293,David,27143
Dayushu,5,Messerschmidt,91619
Tumcon Ilawod,372,Straubel,77134
Nanping,67216,Old Gate,05490
Haoraoshan,3094,Lakeland,58183
Poretskoye,42939,Vera,46192
Massy,583,Fieldstone,29994
Itajaí,1,Carioca,80959
Samannūd,37,Coolidge,15646
Jelah,485,Kensington,80909
Mahdalynivka,8,Ohio,69262
Ōtsuchi,681,Killdeer,18542
Monte Novo,93995,Blackbird,04933
Iaçu,6,Crest Line,25887
‘Arīshah,03746,Ruskin,33164
Dongzhang,92,Kipling,75379
Rybnaya Sloboda,13,Autumn Leaf,67040
Kamensk-Ural’skiy,896,Knutson,35085
Tha Tako,864,Jenna,82794
Baishan,56572,Mcguire,57965
Gif-sur-Yvette,2,Maywood,79040
Bei’an,6722,Moland,26073
Xinye,8,Eastlawn,22930
Storozhevaya,85,Graceland,51407
Damaturu,1,Eggendart,11032
Poděbrady,5,Independence,35774
Hakui,140,Jay,78093
Sumurwaru,42726,Killdeer,21326
Yingzhou,1,Claremont,90430
Sapareva Banya,32,Almo,64710
Tempe,91830,Toban,07637
Sabana Grande,32,Lien,89901
Umeå,1,Little Fleur,79922
Vydreno,802,Artisan,52544
Perosinho,96,Hintze,61043
Wajir,754,Anzinger,79247
Rinbung,86,Sachs,20769
Cajazeiras,89,Ryan,37271
Pathein,5,East,15036
Haarlem,44,Bunker Hill,26450
Idtig,16,Green,87679
Tpig,48080,Meadow Vale,28328
San Francisco,766,Welch,20665
Bulakan,921,Dennis,33097
Dongsheng,63,Prairieview,22951
Pandak,56270,Sunbrook,69510
Berëzovskiy,9,Atwood,11773
Jifeng,8,Rockefeller,72849
Jishui,3,Springview,54541
Breu,5,Anderson,61148
Zográfos,775,Lakewood Gardens,50272
Bagorejo,228,Kingsford,12006
Miastków Kościelny,7,Twin Pines,73257
Changbai,78,Waxwing,76448
Aiguo,3041,Superior,70257
Yambol,3988,Lillian,58711
Lovrenc na Pohorju,67,Oxford,29120
Cilolongokan,7006,Chinook,46433
Cisek,0518,Schiller,69878
Los Angeles,89,Kenwood,03600
Lazaro Cardenas,59708,Farwell,59480
Jatiprahu,01,Fordem,12747
Llocllapampa,17733,Old Shore,20312
Calapan,96,5th,64385
Huangtan,72323,Fallview,19837
Kiten,93,Magdeline,21106
Puerto Madryn,6,Waywood,66089
Kouvola,368,Lighthouse Bay,08076
Lughaye,2556,Thompson,38924
Modot,71,Bultman,05978
Nakuru,8,Merry,55919
Cardona,93,Kings,97401
Sampangan,39295,Di Loreto,88774
Enjitsu,49,Judy,70103
Staropavlovskaya,914,Sommers,20807
Lelekovice,0,Rigney,79779
Dingqiao,82,Monterey,54579
Jinjia,14804,Blaine,30389
Ube,95719,Forest Dale,87794
Mbuji-Mayi,8773,Bunker Hill,66668
Sharm el-Sheikh,80897,Fallview,61235
Zhangwan,878,Wayridge,69668
Hlyboka,9057,Chinook,86173
Kompaniyivka,7513,Dawn,66729
Guebwiller,4658,Crescent Oaks,03210
Jiyang,67025,Thompson,29845
Tešanj,0,Eastlawn,45971
Winong,5,Westerfield,83078
Mutum Biyu,08995,Southridge,47292
Topolovgrad,73227,8th,91594
Balucawi,708,Graceland,98983
Lühua,4,Anderson,12298
Zhifang,2003,Monument,40446
Kropachëvo,81020,Westerfield,53915
Cortes,875,Manufacturers,84887
David,367,Ohio,63393
Sambong,98563,Old Shore,98373
Makale,934,Bonner,67059
Oporapa,6,Hanson,72010
Quintãs,45,Katie,40274
Kunashak,046,New Castle,79585
Zürich,4,Little Fleur,93064
Diriomo,94,Russell,81004
Roissy Charles-de-Gaulle,87906,Crownhardt,59157
Springfield,4,Corben,13986
Dongping,7,Sachs,96560
Sahatsakhan,67728,Summerview,81734
Gereykhanovskoye,0325,Melody,79991
Beselga,7,Lindbergh,71702
Barrī ash Sharqī,471,Brown,92274
Hobonio,92464,Melody,75631
Beirut,58,Iowa,97830
Paldit,82,Village,14418
Dujuuma,879,Forest,48670
Porto Salvo,17261,Everett,45488
Ludvika,10,Bartelt,36966
Savyntsi,0770,Aberg,56690
Poteran,1072,Stang,37146
Kan,8,Roth,88546
Tangchijie,507,Melody,38880
Las Trojes,57,South,32406
Nesterovskaya,34,Elmside,90122
Lodwar,295,Red Cloud,61006
Tohautu,46,Butternut,85700
Hofors,45,Luster,57184
Dihtyari,2623,Mcbride,15402
Seremban,24,Northwestern,73093
Tanjung Palas,5440,Ruskin,35240
Vilhelmina,6024,Kropf,27847
Kaoma,8472,Pennsylvania,28544
Chirpan,3558,Clarendon,69558
Baidian,884,Corry,49753
Giesteira,583,Bluestem,90172
Nice,53245,Fieldstone,82862
Manturovo,3,Aberg,93407
Sambong,2747,Hollow Ridge,39488
Ust’-Katav,1,Talisman,69448
Gayam,44310,Carpenter,27090
Xianghu,83781,Bartelt,51963
Wuxia,72410,Manley,61090
Ozëry,8766,Spenser,36942
Sutton,7026,Boyd,76641
Orurillo,01,Fulton,21466
Krzynowłoga Mała,9,Artisan,04024
Ciorescu,656,Dapin,20592
Watuagung,06,Cardinal,19684
Novogurovskiy,74127,Hagan,55794
Chang’an,86,Butterfield,91633
Skópelos,2235,Prairieview,88720
Shuanghe,3327,Sloan,54173
San Jose,371,Novick,31813
Naguilian,526,Little Fleur,62148
Banisilan,420,Hudson,20005
Pingsha,9,Birchwood,68325
Tanggan,087,Killdeer,90586
Rentung,32,Commercial,39605
Józefów,7330,Dakota,68317
Täby,6791,Rusk,28211
Masaran,6,Caliangt,25199
Kelapa,9552,Kropf,49051
Chernoyerkovskaya,5227,Oakridge,08759
Itaboraí,15085,Darwin,18688
Bailan,0,Saint Paul,05560
Formosa do Rio Preto,869,Lien,84189
Grenoble,672,Jackson,94093
Qalaikhumb,83360,Melvin,66113
Spånga,672,Corben,92893
Paripiranga,16,American Ash,12201
Chengbei,092,Lakewood,80012
Ḩawallī,228,Fair Oaks,42309
Hehu,0188,Mendota,95344
Yuli,15,Reinke,18140
La Quiaca,743,Basil,48552
Afanas’yeva,4676,Russell,74117
Samir,02,Meadow Valley,94096
Koani Ndogo,7709,Fuller,91512
Pingdi,8,Havey,30650
Tanniu,9,Autumn Leaf,59330
Bankim,16,Veith,69364
Hlybokaye,4,Maple,38202
Újezd,139,Melby,42120
Broto,7,Chive,05980
Khorixas,70858,Gina,66245
Umbulan,688,Namekagon,64157
Daliyuan,7,Arkansas,37342
Vylkove,833,Alpine,11979
Grekan,159,Division,04855
Chengjiao,91011,Florence,01372
Angers,90,Lake View,91397
Cienfuegos,53,Lake View,89454
La Falda,9,Bellgrove,86974
Pingyi,1992,Menomonie,75868
Sinarwangi,7577,Rusk,67828
Poctol,74,Lillian,36904
Sydney South,04,Arrowood,95324
Gaokan,6,Buell,68903
Bantawora,01,Ridge Oak,35341
Archángelos,99687,Mcguire,07520
Kampungladang,44665,Weeping Birch,93197
Non Sung,7950,Pleasure,81782
Guadalupe,3999,Manufacturers,15890
Isnā,76260,Banding,78104
Chvalšiny,22319,Sugar,18404
Rimpeso,751,Melby,77057
Mauloo,04246,Holy Cross,48966
Zamarski,0141,Russell,28899
Paso de los Libres,0991,Killdeer,93306
Krousón,0011,Sheridan,30896
Ronov nad Doubravou,17,Ohio,35853
Kampungdesa,9415,Mesta,46204
Banjar Jagasatru,7000,Acker,84418
Ajaccio,3512,Garrison,69101
Revava,79249,Sugar,21360
Karangintan,69,Holmberg,55277
Zolochiv,08,Fairview,59045
Las Matas de Farfán,6111,Londonderry,33333
Vendargues,4967,Spohn,77581
Carreira,0278,Manitowish,35958
Ube,552,Bluejay,16528
Arys,65776,Hagan,74587
Samamiya,67967,Muir,10158
Télimélé,411,Redwing,59296
Zelenogorsk,8185,Hoffman,47011
Verkhniy Yasenov,22944,Southridge,29394
Alupay,392,Pankratz,21634
Sevan,36091,Manley,30669
Xiangyang,0414,American Ash,39211
Blama,1,Dayton,82206
Kalwaria Zebrzydowska,9,Valley Edge,35647
Xinshichang,82,Dixon,30791
Barueri,17,Aberg,56712
Ipu,5816,Melody,83675
Chengbei,910,Victoria,72158
Dallas,59469,Magdeline,14600
Plateliai,78,Bartelt,20964
Karema,0,Golden Leaf,15842
La Unión,728,Darwin,71946
Turiys’k,75,Elka,31127
Yermolino,0,Village,31657
Danxi,10518,Londonderry,82153
Nkpor,2,Spohn,36606
Neglasari,9824,Dapin,27173
Brunssum,037,Trailsway,33324
Despotovac,34263,John Wall,94314
Odoyev,236,Elgar,76620
Solna,4405,Daystar,43409
Biograd na Moru,2,Cascade,63611
Sirari,1,Mifflin,28189
Indaiatuba,2,Packers,42954
Ierápetra,29151,Brown,89682
Catamayo,157,Springs,88417
Cambas,27,Reindahl,32922
Pericik,873,Algoma,18590
Korczyna,4,Scoville,25836
Vân Canh,3407,Leroy,89635
La Tola,0175,Arapahoe,30150
Nīkêh,3,Lakewood Gardens,40379
Chorkówka,990,Mitchell,89962
Santa Cruz del Quiché,855,Mayer,63574
Tuymazy,52032,Melby,29649
Sokolo,9,Erie,15872
Cigadog Hilir,42434,Emmet,05780
Sundsvall,9734,Sunnyside,53896
Sishui,10,Kensington,94024
Baní,479,Lotheville,42661
Shatrovo,14387,Westend,74437
San Isidro,1869,American,77771
Kromasan,6,Kinsman,54010
Kut Rang,6460,Spaight,99099
Trucuk,8220,Westend,86481
Liushikou,374,Vahlen,48349
Bachowice,11325,Hauk,71894
Xianchiyu,0344,Miller,03482
Padang,0,Pearson,16659
Asadābād,9478,Arrowood,24552
Ghormach,48,Sutteridge,00049
Nariño,23336,Green,97794
Qingshui,09812,Marquette,16762
Sampungu,74782,Arizona,68170
Borzna,0349,Southridge,24265
Conqueiros,9,Marcy,74917
Palma De Mallorca,214,Fremont,28745
Pisangkemeng,0,Miller,57629
Yongding,5691,Memorial,99461
Rislane,57226,Kingsford,63640
Leiwang,3,Arkansas,77351
Baganhilir,446,Dorton,10565
Chahannao,92,Oriole,90748
Carice,75,Prairieview,73337
Xijiang,9,Kings,51736
San Miguel,75,Banding,52180
Thị Trấn Mường Lát,380,Paget,41301
Luoyuan,40912,Burning Wood,76450
Jichang,17533,Delaware,74626
Lý Sơn,8,Heath,03565
Parnaíba,22053,Southridge,54588
Nantes,198,Corscot,48108
Krajan Ngerdani,035,Lighthouse Bay,07421
Slovenj Gradec,744,Caliangt,60115
Pagaden,4,Mosinee,19678
Rossosh’,04,Thackeray,94498
Curuggoong,584,Delaware,25412
San Jose,8,Talmadge,94627
Kokemäki,0338,Algoma,58673
Fengshan,42556,Buell,79667
Murmino,9,Debs,43062
Wangshi,9479,Gale,29223
Kasreman Wetan,47293,Utah,86613
Tagog,92,Little Fleur,24770
Baiyang,58,Comanche,90514
Mata-Utu,8,Fremont,44937
Pulian,177,Nevada,21020
Sousse,8768,Ohio,18719
Sumeng,2,Colorado,60129
Shahr-e Bābak,9777,Golf,60488
Lillooet,8,Texas,01106
Wysoka,448,Carey,36677
Tiassalé,708,Dahle,56396
Chengxiang,63332,Maple Wood,76440
Bylym,13,Center,78670
Huanglong,4969,Fairfield,38365
Xiangfu,275,Namekagon,19479
Egindiköl,1370,Schiller,67470
Macaíba,20775,Becker,36709
Sukhobuzimskoye,3843,Amoth,94549
Wonoharjo,1,Schlimgen,86759
San Juan de los Morros,3661,Old Gate,72534
Khairpur,57,Muir,11999
Tripoli,176,Banding,36872
Quanjiang,10,Corben,56007
Riah,139,Dapin,60336
Liski,7741,Claremont,54996
Granja,31226,Buhler,08067
Ribeiro,2486,Hooker,46348
Oklahoma City,9471,7th,59056
Chiduo,69,Rigney,16335
Shanghu,6360,Bashford,89598
Wakayama-shi,0409,North,41395
Lianghe,34761,Pepper Wood,61549
Khlong Khuean,7,Esch,59507
Jiaqu,47829,Glendale,88939
Monte Novo,9149,Golf View,27072
Dakhla,7,Ramsey,04496
Yelan’,5059,Corscot,63581
Taibai,00,Derek,26418
Cruces de Anorí,2513,Bartillon,96709
Kebloran,91,Marquette,94958
Warung Wetan,3,Delaware,66813
Vareiá,81,Montana,29872
Abhar,40563,Mallard,04482
Pingyin,716,Buena Vista,47618
Svetogorsk,30320,Orin,58751
Yisa,62,Northridge,17506
Kosonsoy Shahri,878,Vermont,24891
