name,budget,release_date
De-engineered background alliance,153759.06,2023-01-11
Pre-emptive intangible encryption,332723.01,2022-09-23
Focused logistical task-force,458102.26,2022-05-31
Decentralized upward-trending structure,547596.37,2022-12-10
Focused heuristic ability,382150.09,2022-06-02
Stand-alone didactic extranet,964906.68,2022-12-29
Advanced 4th generation system engine,579577.34,2023-01-22
Secured client-driven moratorium,578773.75,2022-06-11
Cross-group 3rd generation open system,116800.99,2022-03-25
Adaptive responsive productivity,726438.57,2023-01-21
Reactive neutral intranet,866385.08,2022-10-11
Programmable bottom-line strategy,871811.87,2022-02-04
Profound exuding interface,624196.97,2022-07-01
Managed tangible architecture,690374.55,2022-10-16
Inverse mission-critical workforce,98682.53,2022-02-22
Function-based web-enabled local area network,361722.11,2022-01-21
Ameliorated 3rd generation archive,604141.04,2022-12-23
Persistent exuding forecast,928862.37,2022-11-05
Devolved systematic hardware,818555.0,2022-03-05
Reactive full-range frame,241136.42,2022-07-19
Implemented full-range matrices,493367.03,2022-04-25
Ergonomic intermediate task-force,307189.02,2022-05-25
Total asymmetric matrices,23361.77,2022-03-29
Team-oriented 24 hour attitude,293515.2,2022-05-20
Customizable empowering capability,417549.43,2022-02-10
Universal client-server software,200998.17,2021-12-08
Public-key incremental open architecture,107412.33,2022-07-25
Future-proofed 3rd generation internet solution,476815.47,2022-05-04
Horizontal dynamic ability,76263.54,2022-05-06
Multi-lateral maximized forecast,10365.67,2022-01-24
Robust actuating groupware,507334.52,2022-06-08
Horizontal object-oriented capability,110829.25,2022-07-15
Compatible explicit frame,645829.46,2022-01-05
Customizable solution-oriented structure,413335.88,2022-09-22
Profit-focused intangible software,829215.74,2022-05-14
Implemented 4th generation parallelism,740775.15,2022-02-11
Proactive solution-oriented customer loyalty,651927.89,2021-12-21
Devolved methodical capacity,687898.36,2022-01-31
Profit-focused fresh-thinking local area network,59617.61,2022-07-17
Integrated hybrid middleware,335042.83,2021-12-21
Centralized demand-driven parallelism,566570.78,2022-05-23
Re-engineered bandwidth-monitored flexibility,726803.47,2022-06-25
Exclusive 5th generation help-desk,102229.87,2022-04-16
Operative system-worthy flexibility,745822.42,2021-12-24
Triple-buffered methodical contingency,198523.05,2022-04-19
Up-sized foreground utilisation,122631.56,2022-10-07
Stand-alone scalable customer loyalty,413138.97,2022-01-30
Networked non-volatile methodology,81848.65,2022-08-30
Stand-alone scalable database,179749.7,2022-05-27
Upgradable mobile solution,292189.75,2022-01-07
Switchable 24/7 hub,452763.75,2022-04-29
Exclusive content-based utilisation,467392.7,2023-01-29
Progressive system-worthy Graphic Interface,978528.47,2022-11-14
Organic analyzing moderator,181402.62,2022-12-10
Secured logistical workforce,504664.69,2022-08-06
Down-sized systematic adapter,139946.48,2021-12-08
Multi-lateral neutral task-force,310227.91,2022-10-08
Intuitive attitude-oriented open system,944058.5,2022-05-15
Total attitude-oriented time-frame,736441.25,2022-01-24
Open-architected composite attitude,381380.53,2022-03-26
Horizontal interactive paradigm,702647.39,2022-03-31
Multi-layered global architecture,302737.61,2022-12-16
Public-key zero defect definition,374133.07,2023-01-27
Reduced encompassing implementation,25292.47,2022-11-02
Integrated actuating implementation,354999.46,2022-01-12
User-centric multimedia artificial intelligence,583538.23,2022-05-24
Assimilated logistical help-desk,900681.35,2022-10-14
Programmable clear-thinking benchmark,856925.0,2023-01-02
Reduced 6th generation challenge,22504.33,2022-02-11
Optimized bottom-line benchmark,402023.93,2022-04-07
Front-line solution-oriented knowledge user,302043.79,2022-07-19
Compatible empowering hierarchy,472341.09,2022-05-09
Upgradable foreground collaboration,57695.57,2022-12-14
Phased bifurcated migration,721691.02,2022-04-23
Extended web-enabled conglomeration,615133.51,2022-10-23
Focused intangible adapter,354797.37,2022-01-12
Versatile secondary initiative,555580.63,2022-03-26
Object-based optimal analyzer,187627.47,2022-09-06
Sharable solution-oriented intranet,50136.91,2022-02-26
Right-sized bottom-line strategy,713920.66,2022-01-19
Business-focused intangible focus group,826686.36,2022-03-18
Expanded next generation model,136700.04,2022-01-19
Monitored zero defect firmware,103943.14,2022-07-13
Future-proofed homogeneous frame,516837.78,2022-10-14
Switchable secondary definition,224655.88,2023-01-02
Quality-focused scalable encoding,107092.0,2023-01-12
Organic optimizing alliance,29579.27,2022-12-29
Ameliorated next generation capacity,123565.34,2022-09-17
Object-based zero administration emulation,30876.9,2023-01-18
Persevering asynchronous artificial intelligence,997821.47,2022-06-03
Managed intermediate intranet,464594.75,2022-10-02
Fundamental transitional software,748252.07,2022-03-27
Fundamental fresh-thinking parallelism,494600.05,2022-12-29
Managed bifurcated extranet,309151.95,2022-03-20
Public-key didactic core,153850.74,2022-05-22
Total web-enabled product,4941.16,2022-09-25
Progressive disintermediate concept,249189.29,2022-07-02
Digitized user-facing migration,572998.5,2022-01-03
Realigned bottom-line installation,50790.63,2022-06-16
Operative client-driven policy,82709.41,2022-12-13
Cloned 3rd generation customer loyalty,557013.35,2022-11-26
Reactive scalable paradigm,857442.02,2022-08-01
Universal uniform pricing structure,739592.21,2022-11-22
Business-focused logistical hub,916308.78,2022-07-16
Advanced upward-trending secured line,834796.84,2022-02-28
Reduced maximized architecture,807708.25,2022-02-23
Mandatory methodical attitude,474724.0,2022-01-28
Inverse asynchronous conglomeration,646253.06,2023-01-09
Open-source multi-tasking interface,57230.67,2022-04-12
Virtual regional data-warehouse,764001.62,2022-09-11
Operative analyzing complexity,611915.41,2021-12-16
Face to face global website,161147.11,2022-05-03
Profit-focused global throughput,714488.54,2022-11-20
Reduced 6th generation adapter,563107.8,2023-01-09
Organic mission-critical methodology,480035.09,2022-09-21
Digitized responsive throughput,827635.84,2022-03-15
Visionary 24/7 initiative,578187.26,2022-12-04
Ameliorated fresh-thinking hardware,224727.86,2022-07-08
Phased needs-based pricing structure,783305.61,2022-07-25
Face to face national process improvement,952977.03,2022-11-25
Centralized homogeneous project,521176.47,2022-10-29
Quality-focused 24 hour productivity,433164.84,2022-06-10
Extended hybrid middleware,684246.86,2022-06-23
Function-based analyzing solution,89547.54,2022-09-14
Up-sized exuding workforce,512599.38,2022-08-20
Persevering high-level customer loyalty,213872.19,2022-11-02
Networked next generation encryption,917660.5,2022-05-07
Integrated fresh-thinking project,509206.41,2021-12-08
Expanded leading edge implementation,134620.81,2023-01-25
Proactive user-facing success,932880.55,2022-09-03
Universal incremental service-desk,18754.71,2022-06-01
Grass-roots content-based framework,738057.97,2022-06-28
Organic actuating initiative,218792.62,2022-07-21
Realigned 24/7 customer loyalty,432391.99,2022-06-08
User-friendly coherent benchmark,445017.67,2022-12-12
Total responsive function,692660.28,2022-06-24
Customer-focused demand-driven budgetary management,891282.56,2022-12-12
Extended actuating projection,627319.5,2022-01-03
Assimilated systematic initiative,997070.0,2022-07-21
Customer-focused multi-state product,579835.58,2022-06-08
Open-architected reciprocal infrastructure,885269.59,2022-09-19
Face to face contextually-based hub,813196.96,2022-09-27
Function-based optimizing alliance,506643.94,2022-02-16
Seamless modular database,300900.25,2022-09-04
Inverse non-volatile internet solution,383202.82,2022-08-05
Upgradable cohesive budgetary management,370593.34,2022-08-10
Distributed optimal application,877282.18,2022-09-16
De-engineered background archive,377871.28,2022-01-27
Triple-buffered tertiary toolset,421811.62,2022-08-07
Organic systemic open system,238910.68,2022-09-08
Advanced foreground challenge,51534.23,2022-06-20
Public-key explicit budgetary management,977626.55,2022-12-13
Ameliorated modular protocol,179604.77,2022-07-07
Fundamental homogeneous algorithm,894928.18,2021-12-23
Organic object-oriented hardware,631188.25,2022-06-13
Mandatory 3rd generation workforce,711819.35,2022-02-02
Diverse fault-tolerant synergy,239439.85,2023-01-25
Re-engineered maximized archive,843391.66,2022-08-27
Enterprise-wide encompassing database,963083.33,2022-02-17
Switchable client-driven paradigm,236098.68,2021-12-04
Synergistic bi-directional matrix,334674.27,2022-07-16
Extended didactic algorithm,603113.5,2022-09-12
Fully-configurable coherent paradigm,126992.65,2022-12-19
Right-sized didactic workforce,876698.0,2022-02-06
Visionary regional database,310074.14,2022-10-08
Synchronised maximized alliance,966784.53,2022-02-07
Distributed scalable capacity,892975.25,2022-09-06
Exclusive didactic functionalities,182850.72,2022-06-11
Implemented methodical challenge,640398.99,2022-09-19
Cross-platform clear-thinking time-frame,894341.76,2022-10-12
Compatible systematic open architecture,794357.59,2022-08-13
Robust bandwidth-monitored success,710589.19,2022-03-11
Focused 24/7 process improvement,677078.2,2022-08-25
Customer-focused bottom-line application,610695.61,2023-01-14
Networked zero tolerance adapter,422333.64,2022-09-22
Reduced context-sensitive policy,691373.08,2022-02-19
Assimilated coherent leverage,50691.67,2022-07-27
Front-line client-server time-frame,121230.45,2022-08-24
Assimilated background toolset,131965.26,2022-04-03
Monitored stable workforce,36994.26,2022-02-25
Customer-focused content-based matrix,55932.68,2022-10-27
Adaptive user-facing Graphic Interface,348825.25,2022-03-24
Extended grid-enabled knowledge base,446752.28,2022-06-10
Horizontal discrete info-mediaries,496327.26,2021-12-06
Streamlined 5th generation core,18719.56,2023-01-21
Business-focused mobile forecast,417075.46,2022-03-02
Multi-lateral interactive capacity,295343.2,2022-08-05
Balanced local extranet,664087.02,2022-11-07
Down-sized next generation challenge,423697.04,2022-10-07
Progressive holistic neural-net,127236.14,2022-01-08
Grass-roots leading edge conglomeration,494225.17,2021-12-14
Inverse solution-oriented Graphic Interface,79307.63,2021-12-16
Front-line reciprocal help-desk,489481.62,2022-12-24
Operative executive product,578382.39,2021-12-28
Cross-platform high-level capability,307264.16,2022-11-25
Devolved 6th generation system engine,806744.2,2021-12-02
Fully-configurable methodical budgetary management,837822.56,2021-12-05
Phased transitional groupware,578173.0,2022-01-01
Future-proofed client-driven open system,805762.47,2022-02-09
Distributed exuding open architecture,676348.43,2022-07-13
Face to face optimizing migration,903416.9,2023-01-13
Configurable system-worthy architecture,74606.04,2021-12-28
Focused explicit encryption,936509.02,2022-01-20
Monitored coherent artificial intelligence,158743.95,2022-09-06
Assimilated non-volatile secured line,615749.42,2022-03-24
Cross-platform needs-based parallelism,376857.23,2022-08-16
Upgradable user-facing encryption,368942.15,2022-08-23
Switchable tertiary instruction set,928447.8,2023-01-23
Up-sized intermediate array,863187.78,2022-09-09
Persistent local instruction set,591940.0,2023-01-31
Customer-focused reciprocal attitude,771331.27,2022-11-11
Inverse 5th generation conglomeration,444255.2,2022-08-30
Proactive clear-thinking intranet,702513.37,2021-12-08
Mandatory cohesive help-desk,463870.3,2022-12-11
Quality-focused modular core,419633.12,2022-03-19
Focused regional definition,652779.62,2022-05-27
Right-sized optimal time-frame,702615.23,2022-01-18
Ergonomic composite moderator,836550.2,2022-12-25
Business-focused cohesive productivity,617263.21,2022-01-20
Multi-lateral optimizing interface,471407.11,2022-07-01
Team-oriented hybrid website,521970.1,2022-09-20
Configurable discrete migration,589321.69,2022-08-22
Object-based heuristic info-mediaries,877378.11,2022-05-14
Balanced radical benchmark,364370.04,2022-02-17
Diverse methodical alliance,10969.76,2022-09-10
Intuitive coherent alliance,450505.78,2022-09-09
User-centric actuating portal,755800.8,2022-11-24
Assimilated eco-centric algorithm,169965.87,2022-04-03
Adaptive object-oriented website,843057.62,2022-04-09
Synchronised multimedia firmware,433625.87,2022-05-25
Reduced value-added hierarchy,680471.35,2022-06-23
Polarised client-server time-frame,533028.31,2022-02-26
Integrated demand-driven moderator,991853.0,2022-01-02
Balanced 5th generation core,246051.58,2022-04-16
Profit-focused empowering conglomeration,842592.34,2021-12-16
Profit-focused dynamic superstructure,518307.59,2022-01-20
Fully-configurable zero defect parallelism,939893.84,2022-05-30
Ameliorated tangible functionalities,732589.29,2022-06-03
Realigned fault-tolerant algorithm,327825.2,2022-07-04
Mandatory client-driven benchmark,221387.65,2022-11-22
Optimized upward-trending info-mediaries,456407.8,2022-01-16
Face to face homogeneous time-frame,179009.92,2022-07-04
Digitized real-time intranet,129284.06,2022-10-01
Face to face transitional project,412254.69,2021-12-22
Vision-oriented zero administration help-desk,994774.21,2022-01-20
Persevering high-level functionalities,80317.55,2022-04-14
Organized impactful middleware,36297.16,2022-01-17
Future-proofed local standardization,328313.69,2022-12-10
Proactive attitude-oriented function,140021.35,2022-08-05
Universal asynchronous attitude,311278.51,2021-12-28
Ameliorated neutral hardware,365543.05,2022-11-06
Upgradable contextually-based open system,339244.76,2022-04-05
Customizable intermediate help-desk,258970.7,2022-10-05
Centralized transitional implementation,516295.28,2022-09-19
Synergized discrete policy,543055.91,2022-07-19
Horizontal bandwidth-monitored challenge,771347.29,2022-08-15
Reverse-engineered real-time Graphic Interface,812244.69,2022-12-21
Optional static encoding,237243.53,2022-10-29
Realigned tertiary solution,900140.53,2023-01-16
Reduced bandwidth-monitored website,149163.92,2021-12-31
Multi-layered systematic infrastructure,81053.1,2022-12-24
Function-based local analyzer,186010.02,2022-10-20
Open-architected human-resource moderator,2761.85,2022-01-26
Digitized national internet solution,183990.48,2021-12-22
Reactive disintermediate orchestration,689448.76,2021-12-29
Digitized mission-critical Graphical User Interface,986637.08,2022-09-25
Synergistic zero tolerance hub,570001.76,2022-12-14
Extended clear-thinking protocol,665678.85,2022-11-07
Stand-alone holistic core,612214.03,2022-02-20
Centralized multi-tasking instruction set,54898.45,2021-12-12
Profit-focused clear-thinking groupware,527121.79,2022-11-27
Upgradable maximized superstructure,321233.92,2021-12-24
Versatile asynchronous framework,341343.0,2022-11-04
Streamlined transitional complexity,765778.92,2022-02-10
Devolved neutral encoding,272117.35,2022-03-09
Centralized upward-trending customer loyalty,181103.79,2022-01-13
Object-based client-driven paradigm,526551.59,2022-07-18
Integrated grid-enabled approach,582707.89,2022-11-15
Up-sized human-resource capacity,778475.91,2022-08-22
Phased bandwidth-monitored core,236932.26,2021-12-18
Multi-tiered well-modulated knowledge user,983977.89,2022-09-19
Realigned multi-state superstructure,34979.86,2023-01-10
Automated real-time pricing structure,232832.89,2021-12-28
Ameliorated systemic analyzer,405236.95,2022-10-22
Ameliorated secondary structure,977339.24,2022-12-22
Sharable heuristic frame,512543.82,2022-12-09
Customer-focused foreground policy,670714.71,2022-11-14
Cross-group background installation,311586.2,2022-07-21
Distributed radical firmware,898782.94,2022-05-16
Sharable intermediate encryption,480003.35,2022-08-24
Synergized maximized workforce,638850.7,2022-07-24
Upgradable 24 hour groupware,402986.48,2022-10-20
Inverse web-enabled emulation,443220.65,2022-09-21
Open-architected executive structure,312932.0,2022-04-06
Operative grid-enabled access,609044.14,2021-12-10
Upgradable national Graphic Interface,297444.51,2022-11-30
Configurable zero defect analyzer,663079.51,2022-12-06
Re-contextualized exuding alliance,825538.96,2022-11-29
Focused static support,533769.98,2022-04-16
Integrated holistic strategy,958161.14,2022-03-12
Implemented empowering encryption,660857.88,2022-03-31
Organic maximized framework,846933.94,2023-01-07
Streamlined holistic matrix,851357.24,2022-02-14
Innovative 5th generation knowledge user,559442.24,2022-05-28
Realigned upward-trending pricing structure,32596.78,2022-04-14
Future-proofed hybrid internet solution,1467.65,2022-12-28
Organized empowering extranet,932348.13,2022-04-12
Seamless contextually-based open system,376007.61,2022-05-05
Multi-tiered exuding flexibility,999211.0,2022-09-18
Decentralized client-driven application,392031.95,2022-02-12
Extended executive middleware,256553.32,2022-09-27
Face to face well-modulated complexity,920076.0,2022-01-23
Centralized modular moratorium,648675.57,2022-11-01
Object-based tangible paradigm,833366.14,2022-09-25
Re-engineered coherent moratorium,434621.82,2022-02-02
Multi-tiered secondary synergy,409847.4,2022-05-19
Up-sized systematic definition,605814.56,2022-09-03
De-engineered reciprocal focus group,192935.22,2023-01-06
Adaptive methodical encryption,102263.72,2022-03-26
Front-line reciprocal firmware,753297.62,2022-01-30
Devolved object-oriented methodology,607662.55,2022-07-14
Customer-focused bi-directional approach,426435.0,2021-12-24
Future-proofed solution-oriented adapter,416674.49,2023-01-06
Robust contextually-based strategy,385582.44,2022-10-25
Networked object-oriented analyzer,237026.89,2022-12-10
De-engineered exuding flexibility,870627.9,2022-02-25
Ergonomic even-keeled ability,672494.35,2022-08-19
Stand-alone executive groupware,943612.13,2022-04-22
Persevering solution-oriented encoding,547312.95,2022-02-28
Exclusive next generation adapter,548145.64,2022-08-04
Advanced attitude-oriented extranet,839862.56,2021-12-12
Digitized multimedia matrices,981750.05,2022-01-22
Team-oriented neutral orchestration,981765.21,2022-10-24
Inverse bottom-line extranet,50255.71,2022-12-03
Function-based intermediate knowledge user,604595.0,2023-01-17
Fundamental foreground architecture,149640.86,2023-01-15
Multi-tiered dynamic hardware,342975.85,2022-08-04
Organic methodical projection,92469.44,2022-12-03
Optional coherent portal,43246.62,2021-12-15
Streamlined reciprocal hierarchy,333999.54,2022-09-13
Secured high-level hardware,797634.9,2022-11-13
Virtual user-facing interface,814598.92,2022-02-24
Synchronised contextually-based Graphical User Interface,989020.65,2022-05-23
Self-enabling homogeneous hub,593503.28,2022-11-17
Front-line tertiary website,884924.55,2021-12-07
Re-engineered client-driven model,578173.47,2022-04-08
Innovative eco-centric policy,894877.36,2022-06-08
Re-contextualized multimedia matrices,248770.19,2022-10-06
Stand-alone web-enabled encryption,102528.95,2022-12-20
Open-architected transitional encoding,449560.8,2022-09-30
Progressive tangible installation,106963.41,2022-02-04
Reverse-engineered actuating portal,411070.81,2022-04-28
Multi-layered bifurcated parallelism,645528.19,2022-10-10
Optional methodical info-mediaries,797327.03,2022-12-21
Quality-focused bifurcated forecast,108027.7,2022-01-29
Expanded global complexity,857267.8,2022-09-28
Triple-buffered homogeneous encoding,439933.24,2021-12-23
Persistent web-enabled hardware,537589.51,2022-03-04
Diverse dynamic ability,672766.0,2022-12-12
User-friendly clear-thinking solution,134156.92,2022-06-27
Extended stable challenge,773724.05,2022-01-26
Team-oriented systemic database,600395.99,2022-08-23
Centralized static focus group,731042.22,2022-04-06
Fully-configurable explicit access,284225.0,2022-04-25
Balanced interactive attitude,453886.43,2022-06-28
Programmable global software,74466.99,2022-02-16
Focused scalable protocol,746271.48,2022-02-14
Optional logistical functionalities,946974.77,2022-01-02
Cross-platform systemic leverage,186883.8,2022-02-27
Secured responsive leverage,596918.07,2022-09-07
De-engineered modular emulation,372846.51,2022-05-08
Monitored high-level toolset,981829.0,2022-10-08
Multi-layered zero defect software,648824.58,2022-08-07
Optional radical intranet,820605.69,2022-07-31
Devolved analyzing challenge,586861.26,2021-12-30
Progressive needs-based paradigm,607707.0,2022-10-05
Versatile 5th generation standardization,336821.08,2021-12-02
Cloned scalable Graphic Interface,744994.09,2022-04-01
Assimilated exuding contingency,245145.68,2022-01-31
Enhanced didactic open architecture,963576.26,2022-04-05
Cloned uniform array,832165.6,2022-03-17
Customizable client-driven standardization,84424.32,2022-12-19
Front-line hybrid encoding,323591.33,2022-06-21
Fully-configurable secondary time-frame,673407.81,2023-01-04
Customizable impactful benchmark,955254.3,2022-08-15
Function-based intangible archive,875725.78,2022-11-05
Ameliorated well-modulated architecture,569430.73,2022-03-24
Operative grid-enabled benchmark,73728.92,2022-09-09
Monitored actuating algorithm,158910.51,2022-02-23
Compatible object-oriented algorithm,443272.3,2022-01-05
Mandatory object-oriented capability,872440.2,2022-07-19
Synergistic 3rd generation frame,429818.58,2022-01-04
Persistent mission-critical methodology,115004.02,2022-08-31
Virtual full-range open architecture,790722.35,2022-04-17
Stand-alone multi-tasking throughput,520369.52,2022-02-25
Future-proofed bi-directional utilisation,408605.77,2021-12-26
Up-sized multi-tasking protocol,872303.87,2021-12-14
Open-architected homogeneous knowledge base,676091.92,2022-05-14
Re-engineered real-time focus group,133583.39,2022-02-04
Ergonomic homogeneous strategy,264505.68,2022-12-01
Realigned multi-tasking circuit,432147.29,2022-10-11
Exclusive explicit knowledge user,340327.37,2022-05-30
Customer-focused non-volatile infrastructure,593059.63,2023-01-26
Virtual maximized matrices,480835.42,2022-01-10
Horizontal bifurcated functionalities,821298.19,2022-10-04
Object-based modular algorithm,710287.92,2022-01-21
Polarised discrete website,658048.73,2021-12-29
Reverse-engineered local middleware,871618.22,2021-12-16
Upgradable multi-tasking protocol,884421.8,2022-02-21
Decentralized upward-trending system engine,614263.14,2022-07-09
Triple-buffered radical moderator,862124.36,2022-08-07
Multi-tiered national function,824977.61,2022-06-09
Enterprise-wide high-level info-mediaries,365360.7,2022-11-05
Polarised foreground success,695516.13,2023-01-16
Synchronised value-added policy,857543.5,2022-04-19
Monitored directional algorithm,224010.82,2021-12-09
Ergonomic web-enabled forecast,355744.6,2023-01-09
Re-engineered empowering standardization,58382.65,2022-11-07
Synchronised scalable capability,371923.36,2022-09-23
Compatible system-worthy firmware,208014.44,2022-01-02
Assimilated uniform implementation,525902.26,2022-02-15
Team-oriented fault-tolerant internet solution,923312.15,2022-10-06
Inverse dedicated info-mediaries,931791.11,2022-10-14
Vision-oriented mission-critical Graphic Interface,114843.66,2022-02-20
Exclusive dynamic info-mediaries,329856.95,2022-06-07
Switchable non-volatile pricing structure,504195.15,2022-12-27
Profound systemic parallelism,593771.83,2022-09-07
Implemented system-worthy internet solution,98151.01,2022-01-20
Persistent multi-state conglomeration,186987.26,2022-07-31
Proactive 3rd generation hardware,236981.24,2022-04-27
Switchable cohesive migration,575017.0,2022-06-01
Digitized 5th generation functionalities,966615.8,2022-08-27
Re-engineered context-sensitive conglomeration,24567.41,2023-01-19
Right-sized holistic moratorium,218355.86,2022-08-12
Self-enabling executive collaboration,339798.51,2021-12-16
Open-architected even-keeled open system,695314.0,2022-09-08
Streamlined high-level intranet,405572.4,2022-04-28
Secured systematic process improvement,885356.71,2021-12-01
Object-based mobile attitude,712885.32,2022-01-06
Exclusive dynamic hierarchy,7633.71,2022-06-28
Synchronised client-driven encoding,682450.89,2022-11-20
Realigned interactive process improvement,760956.7,2022-04-10
Triple-buffered eco-centric capability,545088.58,2021-12-17
Future-proofed demand-driven database,789929.14,2022-05-22
Decentralized uniform knowledge base,20587.44,2021-12-07
Networked intermediate Graphic Interface,956030.92,2022-08-12
Customer-focused dynamic neural-net,998171.42,2021-12-15
Organic intangible encryption,897628.7,2023-01-14
Universal disintermediate middleware,359114.05,2022-08-21
Visionary client-driven system engine,416691.18,2022-11-12
Virtual discrete interface,407176.17,2023-01-12
Multi-channelled asymmetric model,384307.59,2021-12-16
Organic scalable benchmark,950928.11,2022-04-26
Open-source web-enabled protocol,707992.84,2022-12-03
Synchronised static task-force,157804.55,2022-11-16
Managed asymmetric success,997627.15,2022-05-18
Persevering modular productivity,190014.29,2022-11-29
Proactive reciprocal alliance,793959.6,2022-05-30
Intuitive bandwidth-monitored infrastructure,213434.25,2022-09-05
Front-line neutral array,224261.87,2022-02-07
Switchable heuristic hardware,778785.95,2022-05-30
Decentralized fault-tolerant conglomeration,709705.78,2022-01-08
Centralized object-oriented customer loyalty,305403.93,2022-01-01
Persevering contextually-based paradigm,204502.52,2022-02-20
Streamlined context-sensitive flexibility,360499.42,2022-07-02
Innovative asymmetric hub,216957.49,2022-04-29
Sharable impactful matrices,918556.03,2022-01-15
Innovative uniform functionalities,328905.51,2022-08-08
Diverse directional circuit,886403.31,2022-09-07
Grass-roots encompassing adapter,57188.04,2022-10-26
Multi-channelled non-volatile encryption,976415.06,2022-11-20
Customizable zero tolerance functionalities,963430.03,2022-12-16
Total needs-based matrices,550111.79,2022-08-25
Multi-channelled responsive methodology,870013.61,2022-03-03
Decentralized systematic product,87925.82,2022-04-02
Pre-emptive fresh-thinking encoding,616657.11,2022-02-17
Switchable next generation migration,957498.98,2022-09-07
Innovative bi-directional alliance,60149.8,2022-04-22
Innovative actuating open architecture,458424.04,2023-01-08
Horizontal stable database,576006.06,2022-09-03
Pre-emptive coherent analyzer,794182.07,2022-08-01
Versatile demand-driven access,409483.17,2023-01-07
Proactive exuding algorithm,361393.1,2022-05-17
Upgradable impactful ability,647885.23,2022-05-04
Automated modular knowledge user,584865.1,2022-01-04
Enterprise-wide systematic paradigm,712801.11,2023-01-15
Triple-buffered high-level hub,47200.3,2021-12-29
Synergistic client-driven instruction set,850224.47,2022-12-06
Monitored encompassing extranet,917205.42,2022-06-20
Robust clear-thinking info-mediaries,823994.43,2023-01-12
Business-focused composite service-desk,405265.06,2022-11-19
Optimized explicit strategy,237181.32,2022-06-09
Profit-focused methodical knowledge user,766509.68,2022-01-07
Switchable fault-tolerant standardization,359908.35,2022-08-21
Right-sized multi-tasking capacity,780322.73,2022-08-29
Centralized fault-tolerant success,867677.57,2022-04-26
Up-sized executive focus group,884420.9,2022-09-30
Configurable mobile adapter,670457.66,2022-07-04
Mandatory responsive superstructure,459690.66,2022-04-27
Robust fresh-thinking info-mediaries,55618.95,2022-11-24
Reverse-engineered local alliance,94953.79,2021-12-30
Compatible directional access,746214.51,2022-04-24
Future-proofed dedicated access,815983.99,2022-01-14
Networked bi-directional function,141204.94,2022-01-11
Programmable coherent portal,504470.28,2022-09-20
Digitized web-enabled orchestration,542871.08,2022-08-20
Triple-buffered system-worthy pricing structure,32552.91,2022-05-21
Extended foreground utilisation,416274.6,2022-09-15
Managed motivating service-desk,606688.17,2022-04-26
Intuitive grid-enabled info-mediaries,995230.74,2022-08-03
Exclusive optimizing frame,998909.25,2022-01-03
Polarised national function,377008.2,2022-09-18
Virtual non-volatile matrix,222667.6,2022-08-10
Face to face clear-thinking project,958483.42,2022-06-16
User-centric system-worthy open architecture,578177.01,2022-09-07
Programmable maximized support,159085.7,2022-09-06
Reverse-engineered multi-state conglomeration,311197.38,2021-12-10
Operative eco-centric middleware,396589.4,2021-12-22
Customer-focused real-time projection,121894.16,2022-02-17
Right-sized high-level collaboration,974378.81,2022-03-13
Digitized heuristic standardization,554508.22,2022-08-04
Re-engineered radical collaboration,139605.25,2022-04-27
Cross-platform stable neural-net,628834.02,2022-08-07
Polarised foreground open system,277596.75,2022-04-30
Profit-focused mission-critical standardization,208816.98,2022-04-24
Public-key optimal knowledge user,468113.18,2022-02-14
Enhanced content-based project,96456.31,2022-03-16
Configurable tertiary knowledge user,973236.68,2022-07-09
Total next generation toolset,513822.62,2022-12-13
Multi-lateral next generation secured line,289355.66,2022-07-10
Optional non-volatile frame,28763.7,2022-08-01
Fundamental logistical attitude,333095.63,2022-11-20
Enterprise-wide multimedia help-desk,457303.59,2022-03-16
Extended 4th generation workforce,202020.62,2021-12-09
Enterprise-wide hybrid neural-net,901757.33,2022-07-30
Intuitive transitional approach,265219.2,2022-11-07
Function-based dedicated standardization,356116.13,2022-12-03
Customizable 4th generation alliance,146002.35,2022-03-31
Organized asynchronous productivity,155145.1,2022-08-24
Progressive leading edge success,69963.13,2022-08-11
Right-sized context-sensitive extranet,875728.96,2022-10-22
Distributed well-modulated concept,134521.27,2021-12-09
Upgradable attitude-oriented implementation,977503.19,2022-05-16
Cross-group web-enabled groupware,865800.97,2022-11-02
Configurable zero defect pricing structure,324863.37,2022-04-11
Re-contextualized client-driven architecture,875289.73,2022-10-31
Future-proofed foreground architecture,943489.34,2022-08-02
Re-engineered grid-enabled adapter,824936.61,2022-01-08
Realigned local matrix,131464.44,2022-05-04
Extended holistic utilisation,282307.4,2022-03-02
Synergized radical Graphic Interface,882695.0,2021-12-24
Multi-layered didactic conglomeration,122243.22,2022-12-22
Cross-group user-facing structure,396615.3,2022-03-10
Business-focused needs-based capacity,704025.25,2022-06-30
Balanced methodical array,597143.78,2022-04-23
Multi-channelled clear-thinking challenge,432714.54,2022-09-05
Intuitive fresh-thinking hardware,952526.29,2022-10-26
Stand-alone context-sensitive emulation,494520.92,2022-08-18
Reduced discrete toolset,283650.86,2022-08-15
Grass-roots global focus group,314012.07,2022-05-31
Programmable zero defect moratorium,446721.71,2022-03-27
Customizable interactive customer loyalty,8711.96,2022-02-11
Configurable contextually-based implementation,684806.24,2022-06-02
Enhanced heuristic matrices,977658.65,2022-07-09
Operative methodical concept,429959.71,2022-06-26
Enterprise-wide client-driven analyzer,453662.74,2022-07-02
Decentralized system-worthy migration,143418.68,2023-01-06
Organized scalable moratorium,985935.56,2022-08-17
Multi-layered contextually-based time-frame,217074.65,2022-06-29
Seamless 4th generation support,468417.19,2022-01-14
Fundamental maximized solution,738220.75,2021-12-22
Persistent non-volatile throughput,996064.11,2022-02-08
Assimilated value-added encoding,518231.45,2022-06-15
Managed grid-enabled implementation,369865.9,2022-01-21
Balanced fault-tolerant instruction set,84114.82,2023-01-06
Horizontal responsive leverage,942402.11,2022-06-17
Visionary attitude-oriented interface,332758.62,2022-08-01
Seamless analyzing artificial intelligence,742980.44,2022-01-02
Innovative composite paradigm,498556.22,2022-03-14
Fully-configurable human-resource conglomeration,903481.06,2022-11-04
Future-proofed uniform attitude,486079.79,2022-02-02
Compatible tangible Graphic Interface,956447.37,2022-01-27
Customer-focused maximized matrices,48429.88,2022-09-08
Quality-focused regional groupware,234539.39,2022-12-14
Polarised analyzing ability,648533.21,2022-01-18
Visionary bifurcated hub,659250.94,2022-08-19
Synergized context-sensitive budgetary management,53189.75,2022-10-10
Streamlined neutral encoding,677992.02,2022-12-20
User-centric explicit flexibility,686061.36,2021-12-13
Configurable composite projection,614056.78,2022-12-12
Object-based multi-tasking groupware,915777.88,2022-04-13
Vision-oriented bandwidth-monitored core,884419.28,2022-02-25
Persistent disintermediate architecture,855726.43,2022-10-18
Reduced content-based portal,528724.32,2022-08-22
Cloned tangible process improvement,256057.15,2022-08-04
Mandatory discrete process improvement,717278.41,2022-04-14
Front-line analyzing knowledge user,673984.57,2022-04-17
Digitized dedicated definition,641466.0,2022-11-14
Re-contextualized dynamic initiative,39350.07,2022-08-05
Right-sized reciprocal challenge,30882.65,2022-10-31
Business-focused 4th generation toolset,149232.14,2023-01-16
Customizable discrete extranet,75325.7,2022-04-28
Multi-layered foreground customer loyalty,425615.98,2022-02-11
Assimilated impactful archive,45423.48,2022-10-13
Cloned radical info-mediaries,133233.48,2022-07-26
Function-based disintermediate productivity,624878.99,2022-04-25
Balanced tangible project,864104.97,2022-09-04
Versatile analyzing parallelism,606140.63,2022-08-07
Operative uniform structure,968309.85,2022-08-03
Synergistic optimizing utilisation,456496.53,2022-09-07
Versatile impactful approach,28748.26,2021-12-17
Distributed eco-centric emulation,656296.27,2022-10-28
Synchronised system-worthy implementation,930870.12,2022-10-28
Re-contextualized maximized approach,297453.11,2022-01-12
Polarised transitional challenge,47171.34,2022-10-10
Reverse-engineered stable throughput,398385.13,2022-05-23
Assimilated client-driven architecture,881856.87,2022-03-24
Secured multi-tasking superstructure,297621.1,2022-02-16
Self-enabling web-enabled productivity,624365.03,2023-01-24
Progressive contextually-based function,947473.42,2022-12-23
Distributed 4th generation monitoring,3092.61,2022-07-05
Adaptive eco-centric product,934396.68,2022-03-30
Persevering motivating throughput,325827.82,2022-05-13
Up-sized dedicated emulation,162728.29,2023-01-07
Expanded neutral model,239842.14,2022-03-26
Inverse 6th generation system engine,315767.0,2022-11-20
Polarised radical support,975829.91,2022-04-05
Adaptive human-resource algorithm,39703.86,2022-04-17
User-friendly dedicated ability,395237.71,2022-05-23
Streamlined modular success,359498.8,2022-02-02
Cross-group contextually-based pricing structure,71070.71,2022-02-06
Enhanced interactive archive,45862.29,2022-11-03
Enterprise-wide multi-state strategy,379386.53,2022-02-27
Future-proofed executive success,639237.77,2021-12-25
Secured 5th generation challenge,521422.76,2022-08-12
Extended actuating implementation,494982.06,2022-09-05
Visionary didactic toolset,309917.29,2022-01-16
Streamlined fresh-thinking model,135199.27,2022-06-02
Pre-emptive high-level encryption,586529.67,2022-04-04
Progressive 24 hour support,756201.97,2022-03-12
Inverse well-modulated instruction set,741874.39,2021-12-09
Re-contextualized explicit firmware,288628.7,2022-03-11
Cloned bifurcated toolset,762029.51,2022-07-25
Multi-layered object-oriented encoding,800129.67,2022-03-11
Synchronised composite methodology,117584.04,2022-01-05
Universal heuristic infrastructure,919913.04,2022-08-01
Expanded 5th generation paradigm,785976.41,2022-06-12
Progressive zero administration open system,563892.83,2022-05-10
Operative attitude-oriented time-frame,797950.16,2022-10-28
Versatile next generation software,627430.0,2022-08-07
Programmable exuding productivity,745284.56,2022-05-12
Multi-channelled transitional matrix,122447.86,2022-04-16
Versatile context-sensitive task-force,169003.64,2022-03-10
Stand-alone hybrid benchmark,895828.92,2022-04-20
User-centric zero defect encoding,241284.2,2022-11-10
Front-line human-resource concept,140977.51,2022-12-08
Multi-layered optimal frame,173724.13,2022-11-08
Reactive responsive matrix,332046.13,2023-01-06
Vision-oriented mobile concept,285346.65,2022-12-30
Re-contextualized bifurcated service-desk,496085.94,2022-02-08
Decentralized responsive focus group,117442.35,2022-11-14
Ergonomic impactful intranet,707480.44,2022-05-24
Cross-platform eco-centric application,926455.61,2022-07-31
Diverse responsive Graphic Interface,759053.18,2022-10-26
Quality-focused motivating secured line,666279.83,2021-12-04
Balanced clear-thinking core,143916.23,2022-01-03
Devolved tertiary extranet,458403.07,2022-12-22
Assimilated stable ability,327439.36,2022-10-30
Front-line mission-critical initiative,75328.28,2022-12-29
User-centric actuating groupware,546454.16,2022-09-04
Virtual optimal moratorium,470188.81,2022-06-15
Profound transitional policy,207518.86,2023-01-14
Synergistic context-sensitive capacity,337054.37,2022-11-09
Operative intangible conglomeration,342527.29,2022-02-08
Reverse-engineered secondary structure,67909.34,2022-12-19
Decentralized bottom-line structure,723491.16,2021-12-14
Synergistic executive throughput,635548.61,2022-12-06
Function-based interactive installation,827072.22,2022-02-03
Up-sized contextually-based groupware,533254.37,2021-12-21
Compatible intangible throughput,409469.39,2022-06-24
Total interactive open system,792587.69,2022-04-02
Implemented homogeneous artificial intelligence,833687.59,2022-05-07
Robust human-resource moratorium,748945.02,2021-12-03
Stand-alone dynamic projection,211122.85,2022-04-12
Organized national Graphic Interface,616581.14,2022-12-21
Visionary context-sensitive product,60450.74,2022-08-19
Centralized methodical success,217611.04,2022-02-21
Operative tertiary open system,867432.42,2022-09-14
Seamless holistic pricing structure,363606.23,2022-04-06
Configurable grid-enabled open system,576005.86,2022-06-07
Persevering actuating time-frame,582931.08,2021-12-30
Managed eco-centric framework,978653.0,2022-01-01
Innovative local policy,749435.69,2022-04-25
Mandatory upward-trending software,434405.61,2022-10-16
Innovative local software,719543.26,2022-03-20
Optimized content-based hardware,828485.81,2022-05-31
Synergistic real-time challenge,59009.02,2023-01-19
Devolved systemic software,85846.55,2022-09-12
Operative fresh-thinking paradigm,393583.78,2022-07-05
Optional bi-directional adapter,363620.65,2022-08-16
Ergonomic impactful knowledge base,319058.41,2022-04-28
Cross-platform value-added open system,896877.41,2022-08-15
Automated context-sensitive data-warehouse,301134.02,2023-01-05
Exclusive tangible archive,287200.07,2022-06-18
User-friendly incremental paradigm,528455.01,2022-04-03
Profit-focused didactic database,932552.18,2022-07-11
Self-enabling demand-driven process improvement,551295.53,2022-12-04
Pre-emptive intangible productivity,138155.25,2022-04-04
Customizable content-based challenge,387995.66,2022-04-20
Sharable transitional infrastructure,879226.03,2021-12-29
Total 3rd generation portal,735656.28,2022-02-18
Customizable 4th generation concept,280780.96,2022-09-29
Fully-configurable systematic info-mediaries,536999.43,2022-11-18
Ergonomic bottom-line budgetary management,443201.6,2022-04-11
Ameliorated analyzing intranet,971116.56,2022-05-27
Switchable high-level knowledge base,797655.33,2022-07-16
Reduced stable productivity,294621.56,2021-12-21
Centralized tangible hierarchy,980460.78,2022-12-31
Open-source local open architecture,376430.96,2022-06-08
Sharable mission-critical strategy,784717.07,2022-03-10
Vision-oriented contextually-based Graphic Interface,422702.46,2022-01-04
Monitored 6th generation extranet,192194.98,2022-04-14
Re-contextualized stable toolset,119959.42,2022-10-18
Enterprise-wide content-based protocol,29097.62,2023-01-13
Synchronised optimizing migration,45186.75,2022-09-14
Operative real-time capability,80032.95,2022-01-04
Adaptive 4th generation approach,129294.38,2023-01-13
Fully-configurable executive contingency,384215.41,2022-07-31
Ergonomic uniform time-frame,404262.03,2022-10-13
Ameliorated directional capability,911039.29,2022-08-28
Realigned systematic approach,800744.17,2022-12-09
Progressive incremental project,931205.54,2022-02-15
Open-source impactful implementation,418998.73,2022-07-12
Expanded 3rd generation help-desk,62853.46,2021-12-22
Configurable next generation neural-net,947438.65,2022-04-26
Adaptive non-volatile open architecture,535813.0,2022-07-31
Decentralized needs-based capability,680142.71,2022-07-04
Expanded bifurcated forecast,737148.0,2022-07-30
Fundamental needs-based matrices,39601.19,2023-01-22
Customizable demand-driven infrastructure,585642.48,2022-07-20
Optional maximized attitude,137687.85,2022-06-11
Assimilated interactive migration,942175.97,2022-02-28
Upgradable logistical projection,196418.57,2021-12-02
Secured contextually-based process improvement,801390.09,2022-12-20
Object-based upward-trending complexity,792902.25,2022-08-30
Monitored intangible challenge,574849.86,2021-12-10
Triple-buffered local capability,808795.1,2022-05-18
Multi-lateral multi-tasking help-desk,890244.19,2022-12-07
Mandatory dynamic installation,470998.59,2022-06-07
Synergized client-driven access,465606.19,2022-12-07
Robust system-worthy adapter,105739.54,2022-11-26
Virtual foreground service-desk,501338.72,2022-01-26
Profound asymmetric framework,915391.44,2022-04-05
Multi-lateral executive conglomeration,980033.03,2022-03-02
Optimized didactic flexibility,697978.29,2022-03-19
Versatile cohesive conglomeration,353572.11,2021-12-25
Robust 24 hour forecast,750779.42,2022-12-22
Reactive actuating complexity,504045.76,2023-01-23
Universal clear-thinking productivity,327484.81,2022-02-10
Right-sized modular adapter,325130.01,2022-11-20
Multi-layered attitude-oriented hardware,188650.33,2022-06-03
Implemented intangible software,197606.72,2023-01-28
Assimilated systematic array,490266.29,2022-11-04
Triple-buffered human-resource strategy,762768.0,2021-12-10
Multi-lateral user-facing Graphic Interface,903268.17,2022-12-15
Advanced fresh-thinking Graphic Interface,223536.1,2022-01-03
Innovative real-time capacity,983843.51,2022-06-08
Configurable optimizing success,298513.16,2022-06-19
Exclusive executive data-warehouse,715410.32,2022-04-13
Business-focused mission-critical secured line,110044.78,2022-03-21
Synergistic local benchmark,410446.82,2023-01-13
Decentralized leading edge Graphical User Interface,583135.22,2022-11-16
User-friendly background database,588894.06,2022-11-24
Future-proofed cohesive website,113746.83,2022-01-15
Synergized discrete capability,638095.63,2022-07-27
Total foreground capacity,610393.72,2022-04-30
Secured zero defect complexity,11376.22,2022-05-28
Optimized bottom-line core,91925.23,2022-10-20
Cross-platform bottom-line customer loyalty,288442.78,2022-08-29
Compatible demand-driven matrix,872995.21,2023-01-07
Vision-oriented exuding flexibility,65046.81,2022-10-23
Exclusive hybrid leverage,423568.7,2022-12-14
Proactive asynchronous productivity,484116.15,2022-10-10
Realigned full-range focus group,347216.18,2022-09-10
Diverse maximized hierarchy,216102.05,2022-04-12
Organized intermediate challenge,184735.8,2022-11-22
Switchable discrete function,521494.81,2022-04-20
Synergistic actuating policy,481917.19,2022-04-08
Organic bi-directional parallelism,730308.61,2022-08-03
Multi-lateral fresh-thinking interface,300477.08,2022-05-29
Realigned executive matrix,499657.65,2023-01-15
Persevering upward-trending moderator,555244.94,2022-07-31
Synchronised intangible moratorium,493346.76,2022-08-14
Organized user-facing alliance,92572.37,2022-08-31
Object-based 3rd generation conglomeration,596984.21,2022-02-15
Integrated background protocol,350930.0,2022-07-17
Fundamental intermediate firmware,653050.65,2022-02-19
Synergistic uniform focus group,248854.87,2022-07-13
Monitored multi-state pricing structure,778923.0,2022-09-30
Upgradable stable parallelism,429292.38,2022-02-10
Enhanced intangible info-mediaries,601014.21,2022-03-22
Total value-added forecast,459083.65,2022-08-31
Extended object-oriented software,961618.95,2022-03-22
Cross-group radical extranet,392121.01,2022-05-07
Team-oriented maximized attitude,282872.31,2022-06-13
Secured grid-enabled workforce,237762.59,2022-03-20
Cloned fault-tolerant software,866829.58,2021-12-22
Centralized high-level knowledge user,266663.06,2022-06-04
Seamless asynchronous infrastructure,689504.83,2022-07-28
Versatile radical database,635997.23,2022-02-03
Re-contextualized national hub,637125.81,2022-05-11
Sharable contextually-based customer loyalty,538049.0,2023-01-19
Synergistic mission-critical methodology,521890.34,2023-01-27
Expanded zero administration solution,46401.36,2023-01-03
Secured motivating throughput,769804.43,2022-06-11
User-centric scalable collaboration,361433.58,2022-11-14
Customer-focused optimizing array,497382.21,2021-12-30
Optimized directional website,281886.17,2022-11-03
Reactive clear-thinking firmware,491685.06,2022-08-18
Focused zero administration artificial intelligence,105509.37,2022-01-20
Public-key non-volatile approach,918627.36,2022-08-26
Profit-focused bandwidth-monitored time-frame,664078.8,2022-01-10
Profit-focused methodical approach,206322.9,2022-12-27
Adaptive value-added pricing structure,195921.03,2022-07-11
Centralized needs-based moderator,362262.88,2023-01-22
Right-sized 24/7 functionalities,999635.07,2022-10-19
Reverse-engineered object-oriented attitude,480689.54,2022-12-31
Multi-channelled client-driven focus group,438479.23,2022-12-26
Re-contextualized executive throughput,620926.72,2022-07-02
Face to face bifurcated info-mediaries,375023.97,2022-11-11
Extended homogeneous array,560028.45,2022-12-19
Up-sized radical benchmark,732559.69,2022-08-29
Customer-focused clear-thinking pricing structure,23466.91,2022-02-22
Future-proofed 24/7 functionalities,567393.54,2022-04-09
Devolved user-facing middleware,307323.6,2022-01-06
Function-based 24/7 project,143442.93,2023-01-23
Function-based regional implementation,18939.3,2022-05-27
Monitored coherent workforce,810966.87,2022-01-07
Synergistic clear-thinking complexity,742268.74,2022-05-04
Networked grid-enabled time-frame,441490.68,2022-05-01
Face to face intangible migration,150248.59,2022-10-29
User-centric didactic emulation,75436.86,2022-04-30
Total bi-directional budgetary management,838970.64,2022-10-03
Organic bifurcated task-force,634065.14,2022-10-05
Inverse eco-centric contingency,111024.68,2022-01-06
Reverse-engineered intangible interface,36136.42,2022-10-11
Adaptive heuristic matrix,744130.55,2022-08-17
Streamlined systematic structure,107001.79,2022-07-06
Proactive reciprocal function,365519.58,2022-01-24
Optional hybrid matrices,870919.91,2022-12-19
Reverse-engineered explicit internet solution,258782.31,2022-04-12
Total object-oriented help-desk,840589.48,2022-03-03
Progressive holistic installation,934911.0,2021-12-07
Advanced mission-critical collaboration,570214.06,2022-04-27
Enhanced homogeneous middleware,611.62,2022-05-25
Programmable 4th generation approach,254828.12,2022-10-11
Multi-layered zero tolerance process improvement,66173.26,2022-01-16
Monitored multimedia support,554689.0,2022-01-14
Sharable value-added analyzer,788315.48,2022-03-08
Monitored even-keeled matrix,878440.36,2023-01-08
Adaptive dynamic capability,940158.11,2022-10-26
Cloned asynchronous emulation,546210.76,2022-11-23
Multi-lateral clear-thinking secured line,68111.16,2022-01-30
Operative optimizing functionalities,250027.84,2022-08-19
Pre-emptive 24 hour capability,845734.49,2022-07-15
Adaptive transitional contingency,402035.01,2022-01-05
Operative impactful contingency,481265.6,2022-01-25
Cross-platform multi-state knowledge user,749941.53,2022-04-20
Front-line impactful utilisation,325757.25,2022-04-17
Intuitive explicit array,790334.01,2022-11-09
Persevering holistic encoding,630792.88,2021-12-31
Adaptive heuristic success,456050.17,2022-07-27
Organic actuating architecture,694123.83,2022-01-15
Mandatory stable core,126015.0,2022-08-24
Streamlined bandwidth-monitored approach,644062.27,2022-01-17
Open-architected asymmetric hardware,301976.62,2022-07-24
Inverse object-oriented core,17279.58,2022-01-25
Future-proofed incremental implementation,656865.05,2022-12-24
Automated explicit process improvement,95162.6,2022-07-18
Re-engineered methodical portal,984435.36,2022-03-24
Intuitive multi-tasking array,722749.48,2022-07-10
Customizable cohesive paradigm,396468.51,2022-10-02
Quality-focused bandwidth-monitored database,395614.11,2022-08-10
Synergistic holistic firmware,386475.79,2021-12-06
Synergistic motivating project,37568.57,2022-01-13
Digitized global moderator,510657.0,2022-09-01
Sharable radical moratorium,511778.58,2022-11-23
Up-sized user-facing installation,408697.51,2022-07-25
Extended intermediate product,646968.79,2022-03-11
Optional 24/7 knowledge base,244798.27,2022-12-23
Synergized zero tolerance open system,638095.11,2022-02-05
Reduced web-enabled open system,534862.07,2022-09-21
Optimized zero administration knowledge user,283409.29,2022-02-06
Proactive clear-thinking leverage,360928.95,2023-01-30
Programmable needs-based time-frame,256831.72,2022-06-21
Enterprise-wide full-range functionalities,769106.6,2021-12-25
Innovative demand-driven data-warehouse,939080.58,2022-08-30
Organic system-worthy complexity,149461.04,2022-11-21
Re-contextualized 24/7 interface,925468.38,2022-12-05
Reverse-engineered bi-directional data-warehouse,435412.71,2022-11-22
Phased even-keeled solution,441775.0,2023-01-07
Focused methodical projection,483923.08,2021-12-24
Upgradable global artificial intelligence,223397.31,2022-12-09
Re-engineered systemic extranet,420465.61,2022-07-15
Face to face non-volatile policy,356376.67,2021-12-01
Inverse zero administration function,471238.01,2022-01-07
Team-oriented interactive internet solution,928996.5,2022-01-14
Business-focused responsive customer loyalty,398290.49,2022-03-08
Switchable modular model,127639.69,2023-01-03
Multi-layered fresh-thinking strategy,696499.97,2022-01-25
Upgradable radical superstructure,353421.99,2022-04-07
Optional global database,671177.0,2023-01-24
Polarised homogeneous project,607161.58,2022-02-19
Triple-buffered explicit strategy,43037.78,2022-01-05
Customizable uniform alliance,484382.15,2022-04-09
Cross-group asynchronous matrix,380938.38,2022-10-28
Inverse homogeneous attitude,299457.0,2022-08-04
Customer-focused analyzing superstructure,63006.87,2022-02-04
Vision-oriented transitional function,945617.68,2023-01-19
Cloned web-enabled utilisation,405441.0,2022-11-09
Multi-channelled methodical workforce,369355.7,2022-12-04
Inverse intermediate initiative,674576.98,2022-12-06
Vision-oriented systemic knowledge user,272406.34,2022-06-23
Distributed secondary local area network,283585.38,2022-07-30
Universal empowering initiative,890042.8,2022-02-05
De-engineered fault-tolerant complexity,385778.63,2021-12-21
Versatile intermediate task-force,520790.09,2022-05-24
Organic systemic Graphical User Interface,528307.81,2021-12-31
Inverse uniform migration,467215.31,2022-11-27
Front-line tertiary ability,865251.45,2022-12-25
Customer-focused bi-directional matrices,46951.72,2022-08-29
Diverse systemic conglomeration,601824.33,2022-08-22
Cross-group content-based budgetary management,51953.05,2022-03-23
Cloned motivating neural-net,520296.6,2022-05-12
Cross-group 4th generation initiative,446235.84,2022-03-05
Front-line dedicated neural-net,497182.05,2021-12-31
Focused reciprocal function,929265.68,2022-03-03
Optional modular orchestration,908092.01,2022-05-28
Secured analyzing workforce,249375.62,2022-06-09
Focused local capacity,623512.34,2022-09-05
Organic zero tolerance infrastructure,467240.6,2022-07-14
Configurable asymmetric policy,407568.18,2022-05-26
Quality-focused explicit core,934701.48,2022-05-26
Cross-group regional info-mediaries,577314.2,2022-01-02
Fundamental incremental system engine,719010.22,2022-02-01
Seamless impactful conglomeration,434080.52,2022-03-10
Public-key mobile collaboration,482771.55,2022-05-10
Open-source stable frame,900569.55,2022-08-05
Open-source maximized paradigm,932937.64,2022-05-01
Inverse hybrid interface,171863.22,2021-12-04
Multi-layered neutral hierarchy,79691.52,2022-06-16
Vision-oriented even-keeled implementation,689454.35,2022-02-12
Quality-focused mission-critical archive,175154.32,2022-06-09
Polarised homogeneous internet solution,346452.28,2022-06-19
Ergonomic encompassing support,293100.39,2022-01-29
Focused scalable paradigm,891026.7,2022-04-23
Extended didactic open system,316405.45,2022-07-01
Down-sized full-range model,190147.04,2022-04-24
Front-line asynchronous challenge,703537.58,2022-10-01
Centralized grid-enabled protocol,131872.3,2021-12-27
Function-based disintermediate complexity,259640.68,2022-06-11
User-centric systemic superstructure,370017.11,2022-08-10
Reduced 4th generation array,99454.98,2022-12-19
User-friendly composite complexity,441350.41,2022-03-28
Organized system-worthy knowledge user,350364.24,2022-08-11
Vision-oriented secondary frame,892764.21,2022-04-01
Profound heuristic synergy,680444.81,2022-04-22
Open-architected web-enabled middleware,425320.74,2022-12-30
Decentralized holistic structure,732959.24,2022-12-30
Multi-tiered object-oriented Graphical User Interface,377644.29,2021-12-26
User-friendly dedicated time-frame,28836.46,2022-08-27
Re-engineered fresh-thinking utilisation,168829.31,2022-04-19
Monitored secondary moratorium,226253.59,2022-07-31
Adaptive optimal extranet,102734.45,2021-12-12
Open-source intangible Graphical User Interface,484535.85,2022-09-05
Upgradable cohesive parallelism,150824.5,2022-10-20
Secured needs-based monitoring,694077.98,2022-08-24
Progressive context-sensitive capacity,598830.51,2022-02-17
Synergistic intangible workforce,614174.43,2022-08-02
Virtual motivating structure,655592.24,2022-06-02
Compatible non-volatile infrastructure,139597.15,2022-06-20
Vision-oriented 6th generation challenge,360469.18,2022-05-29
Quality-focused composite application,387077.29,2022-10-03
Phased solution-oriented synergy,310953.45,2022-11-22
Vision-oriented explicit hardware,272258.77,2022-08-23
Assimilated value-added pricing structure,639705.2,2022-06-21
Organized tertiary support,394951.8,2022-04-09
Enhanced hybrid extranet,651056.0,2022-04-08
Future-proofed secondary middleware,931381.95,2022-10-16
Extended methodical knowledge user,592359.8,2022-12-04
Networked zero defect benchmark,551456.42,2021-12-22
Re-engineered intermediate circuit,467685.54,2022-09-24
Vision-oriented empowering monitoring,730573.31,2022-08-24
Virtual directional matrices,985485.22,2022-08-02
Synergistic stable leverage,406865.71,2023-01-19
Diverse optimal neural-net,861645.0,2022-07-22
Diverse content-based artificial intelligence,632492.41,2022-05-03
Total logistical circuit,444983.7,2023-01-16
Decentralized needs-based emulation,820711.38,2022-11-08
Up-sized tertiary middleware,111834.44,2022-07-18
